employee_id,snapshot_date,base_pay_annual,total_cash_annual,housing_allowance_annual,transport_allowance_annual,other_allowances_annual,guaranteed_bonus_annual,grade,job_family,business_unit,country,city,location_cluster,tenure_years,time_in_grade_years,performance_rating,critical_role_flag,high_potential_flag,fte,employment_type,gender,nationality,expat_local
E00001,2026-02-01,70840.67,82948.48,7084.07,2833.63,1159.67,1030.45,C,Operations,BU3,India,Bengaluru,IND-Bengaluru,9.3,7.76,4,0,0,0.8,Permanent,Male,British,Local
E00002,2026-02-01,76773.23,96758.83,13819.18,4606.39,1160.48,399.54,A,Finance,BU1,UAE,Sharjah,UAE-Sharjah,3.51,0.16,3,0,0,1.0,Permanent,Male,British,Expat
E00003,2026-02-01,148131.46,183434.47,14813.15,8887.89,1620.47,9981.51,C,HR,BU1,Saudi Arabia,Dammam,KSA-Dammam,5.02,1.04,3,0,0,1.0,Permanent,Female,British,Local
E00004,2026-02-01,334725.25,429901.43,60250.55,20083.52,3504.27,11337.85,E,Marketing,BU3,UAE,Abu Dhabi,UAE-Abu Dhabi,3.59,1.06,2,0,0,1.0,Permanent,Male,Emirati,Expat
E00005,2026-02-01,112127.01,142369.53,20182.86,4485.08,3110.28,2464.3,E,Finance,BU3,India,Delhi,IND-Delhi,1.51,1.01,3,0,0,0.8,Contract,Male,Saudi,Expat
E00006,2026-02-01,294681.11,360257.47,29468.11,17680.87,4178.56,14248.83,E,Operations,BU2,Saudi Arabia,Riyadh,KSA-Riyadh,3.74,2.11,3,0,0,1.0,Permanent,Male,British,Local
E00007,2026-02-01,87879.7,113453.27,15818.35,5272.78,1479.72,3002.73,A,IT,BU3,Saudi Arabia,Riyadh,KSA-Riyadh,8.28,2.54,2,0,0,1.0,Contract,Male,Egyptian,Expat
E00008,2026-02-01,151272.31,200870.08,27229.02,9076.34,4672.67,8619.75,B,IT,BU1,UAE,Dubai,UAE-Dubai,0.32,0.08,3,0,0,1.0,Permanent,Male,British,Expat
E00009,2026-02-01,121883.95,150114.46,12188.39,7313.04,2563.65,6165.43,D,HR,BU2,Saudi Arabia,Jeddah,KSA-Jeddah,5.73,1.36,4,0,0,0.6,Permanent,Male,Egyptian,Local
E00010,2026-02-01,277948.11,358303.91,50030.66,16676.89,10590.35,3057.89,E,Finance,BU3,Saudi Arabia,Jeddah,KSA-Jeddah,5.31,3.67,3,0,0,1.0,Permanent,Female,Pakistani,Expat
E00011,2026-02-01,232270.68,292429.4,23227.07,13936.24,8504.03,14491.38,D,HR,BU3,Saudi Arabia,Riyadh,KSA-Riyadh,0.83,0.6,4,0,0,1.0,Permanent,Female,Saudi,Local
E00012,2026-02-01,348853.36,432397.22,34885.34,20931.2,6894.04,20833.28,E,Sales,BU2,Saudi Arabia,Riyadh,KSA-Riyadh,6.84,4.87,3,0,0,1.0,Permanent,Female,Emirati,Local
E00013,2026-02-01,146373.16,180573.76,14637.32,8782.39,2321.08,8459.81,C,Sales,BU3,Saudi Arabia,Dammam,KSA-Dammam,7.53,4.35,3,0,1,0.8,Permanent,Male,Filipino,Local
E00014,2026-02-01,36789.23,44133.42,3678.92,1471.57,554.96,1638.74,A,Sales,BU2,India,Bengaluru,IND-Bengaluru,2.3,1.95,3,0,0,1.0,Contract,Female,Egyptian,Local
E00015,2026-02-01,37535.74,49887.68,6756.43,1501.43,1351.74,2742.33,A,HR,BU3,India,Mumbai,IND-Mumbai,1.42,1.15,4,0,0,1.0,Permanent,Male,Emirati,Expat
E00016,2026-02-01,51419.78,61304.95,5141.98,2056.79,1342.7,1343.71,B,Marketing,BU2,India,Delhi,IND-Delhi,3.74,0.15,3,0,0,1.0,Permanent,Male,British,Local
E00017,2026-02-01,102150.31,123263.9,10215.03,6129.02,1269.34,3500.2,D,Sales,BU2,Saudi Arabia,Riyadh,KSA-Riyadh,0.97,0.24,2,0,1,0.6,Permanent,Male,Pakistani,Local
E00018,2026-02-01,126940.13,159908.72,22849.22,7616.41,1324.21,1178.74,B,HR,BU2,Saudi Arabia,Jeddah,KSA-Jeddah,0.95,0.34,4,1,1,1.0,Permanent,Female,Egyptian,Expat
E00019,2026-02-01,194807.33,259845.09,35065.32,7792.29,7464.38,14715.77,F,Operations,BU2,India,Bengaluru,IND-Bengaluru,3.34,2.28,3,0,0,1.0,Permanent,Male,Filipino,Expat
E00020,2026-02-01,133224.58,162131.98,13322.46,7993.47,4587.46,3004.0,D,HR,BU3,UAE,Dubai,UAE-Dubai,2.23,1.88,1,0,0,0.6,Permanent,Female,Pakistani,Local
E00021,2026-02-01,190613.91,233109.28,19061.39,7624.56,4359.31,11450.12,F,Sales,BU1,India,Bengaluru,IND-Bengaluru,7.84,7.3,4,0,0,1.0,Contract,Male,Indian,Local
E00022,2026-02-01,226755.2,291813.59,40815.94,13605.31,5318.17,5318.97,D,Sales,BU1,Saudi Arabia,Dammam,KSA-Dammam,4.24,2.43,3,0,0,1.0,Contract,Male,Egyptian,Expat
E00023,2026-02-01,310204.13,365967.12,31020.41,18612.25,4043.1,2087.22,F,Finance,BU3,Saudi Arabia,Riyadh,KSA-Riyadh,1.62,1.24,3,0,1,0.8,Permanent,Female,Emirati,Local
E00024,2026-02-01,170206.95,205284.29,17020.7,10212.42,6330.1,1514.13,D,Operations,BU1,Saudi Arabia,Dammam,KSA-Dammam,1.8,1.01,3,0,1,0.8,Permanent,Male,Filipino,Local
E00025,2026-02-01,98069.77,116947.72,9806.98,3922.79,2616.52,2531.66,D,Sales,BU1,India,Delhi,IND-Delhi,3.48,2.79,5,1,0,1.0,Permanent,Female,Filipino,Local
E00026,2026-02-01,42786.99,55330.45,7701.66,1711.48,1570.62,1559.69,A,IT,BU3,India,Mumbai,IND-Mumbai,6.13,1.72,5,0,0,1.0,Permanent,Male,British,Expat
E00027,2026-02-01,189090.81,232874.23,18909.08,11345.45,7226.29,6302.61,D,HR,BU2,Saudi Arabia,Jeddah,KSA-Jeddah,10.08,1.07,2,0,0,1.0,Permanent,Female,Filipino,Local
E00028,2026-02-01,344321.0,427257.27,34432.1,20659.26,4025.55,23819.37,F,HR,BU3,Saudi Arabia,Dammam,KSA-Dammam,8.19,6.71,3,0,0,1.0,Contract,Male,Emirati,Local
E00029,2026-02-01,90257.06,116172.81,16246.27,3610.28,1210.05,4849.14,F,Operations,BU1,India,Mumbai,IND-Mumbai,2.01,0.46,3,0,0,0.6,Permanent,Male,Saudi,Expat
E00030,2026-02-01,92784.73,111041.55,9278.47,3711.39,2019.68,3247.28,C,Finance,BU2,India,Mumbai,IND-Mumbai,7.84,5.52,3,0,0,1.0,Permanent,Female,British,Local
E00031,2026-02-01,148769.69,179745.57,14876.97,8926.18,4314.62,2858.11,C,Sales,BU2,UAE,Sharjah,UAE-Sharjah,0.54,0.25,5,1,0,1.0,Contract,Female,Emirati,Local
E00032,2026-02-01,264970.01,325705.2,26497.0,15898.2,7011.49,11328.5,D,IT,BU2,UAE,Dubai,UAE-Dubai,3.11,2.55,3,0,0,1.0,Contract,Female,Egyptian,Local
E00033,2026-02-01,177394.06,237711.78,31930.93,10643.64,4629.58,13113.56,C,IT,BU1,Saudi Arabia,Dammam,KSA-Dammam,3.14,2.73,2,0,0,1.0,Permanent,Male,Filipino,Expat
E00034,2026-02-01,165457.24,201954.75,16545.72,9927.43,2559.38,7464.97,C,Operations,BU2,Saudi Arabia,Dammam,KSA-Dammam,3.43,1.21,3,0,0,1.0,Permanent,Female,Filipino,Local
E00035,2026-02-01,111751.89,139197.46,11175.19,6705.11,4133.64,5431.64,B,Finance,BU1,UAE,Abu Dhabi,UAE-Abu Dhabi,2.22,1.3,3,0,0,1.0,Permanent,Female,British,Local
E00036,2026-02-01,401097.09,532722.86,72197.48,24065.83,4074.75,31287.73,F,Operations,BU2,Saudi Arabia,Riyadh,KSA-Riyadh,1.18,0.99,2,0,0,1.0,Permanent,Male,Indian,Expat
E00037,2026-02-01,459960.15,599609.49,82792.83,27597.61,17460.29,11798.61,F,IT,BU2,Saudi Arabia,Jeddah,KSA-Jeddah,3.72,2.63,4,0,0,1.0,Permanent,Male,Indian,Expat
E00038,2026-02-01,213519.04,269195.56,38433.43,12811.14,3296.09,1135.86,D,HR,BU2,Saudi Arabia,Riyadh,KSA-Riyadh,1.54,0.64,3,0,0,1.0,Permanent,Male,Saudi,Expat
E00039,2026-02-01,144673.72,184939.71,26041.27,5786.95,3082.76,5355.01,E,IT,BU1,India,Mumbai,IND-Mumbai,3.57,3.13,3,0,0,1.0,Permanent,Female,Indian,Expat
E00040,2026-02-01,297137.58,376476.27,29713.76,17828.25,8080.52,23716.16,D,Finance,BU1,Saudi Arabia,Riyadh,KSA-Riyadh,7.95,5.81,3,0,0,1.0,Permanent,Male,Indian,Local
E00041,2026-02-01,116986.54,152552.7,21057.58,4679.46,2605.13,7223.98,E,Marketing,BU2,India,Bengaluru,IND-Bengaluru,3.25,1.96,3,1,0,1.0,Permanent,Female,Filipino,Expat
E00042,2026-02-01,105687.1,132186.37,10568.71,4227.48,3822.04,7881.03,D,IT,BU1,India,Mumbai,IND-Mumbai,18.44,4.69,3,0,0,0.8,Permanent,Female,British,Local
E00043,2026-02-01,86060.92,108983.34,15490.97,5163.66,1890.77,377.03,A,HR,BU1,UAE,Abu Dhabi,UAE-Abu Dhabi,3.46,0.39,5,0,0,0.8,Contract,Male,Filipino,Expat
E00044,2026-02-01,213416.12,268408.28,38414.9,12804.97,3193.86,578.43,D,IT,BU3,Saudi Arabia,Riyadh,KSA-Riyadh,4.88,0.16,4,0,0,0.8,Permanent,Female,Emirati,Expat
E00045,2026-02-01,100799.94,131235.92,18143.99,6048.0,3426.54,2817.46,B,HR,BU1,UAE,Dubai,UAE-Dubai,0.74,0.22,3,0,0,1.0,Contract,Female,Filipino,Expat
E00046,2026-02-01,174610.23,218256.41,17461.02,10476.61,3172.5,12536.04,C,IT,BU2,Saudi Arabia,Dammam,KSA-Dammam,0.43,0.04,3,0,0,1.0,Permanent,Male,Pakistani,Local
E00047,2026-02-01,102525.59,130457.35,18454.61,6151.54,1331.11,1994.51,B,HR,BU3,UAE,Dubai,UAE-Dubai,2.88,2.3,2,0,0,1.0,Permanent,Male,British,Expat
E00048,2026-02-01,486923.68,607339.72,48692.37,29215.42,18171.37,24336.88,F,Sales,BU1,Saudi Arabia,Riyadh,KSA-Riyadh,5.53,0.68,4,0,0,1.0,Permanent,Male,British,Local
E00049,2026-02-01,239670.19,283902.27,23967.02,14380.21,5454.03,430.82,D,Sales,BU1,Saudi Arabia,Riyadh,KSA-Riyadh,6.47,5.62,3,0,0,1.0,Contract,Male,Indian,Local
E00050,2026-02-01,185215.38,226324.79,18521.54,11112.92,4103.9,7371.05,C,Finance,BU2,UAE,Abu Dhabi,UAE-Abu Dhabi,3.74,1.98,4,0,0,1.0,Permanent,Female,Egyptian,Local
E00051,2026-02-01,56594.69,65805.93,5659.47,2263.79,878.98,409.01,B,Finance,BU3,India,Mumbai,IND-Mumbai,3.32,2.56,3,0,1,1.0,Permanent,Male,British,Local
E00052,2026-02-01,74225.68,94343.13,13360.62,2969.03,2869.35,918.45,C,Sales,BU1,India,Delhi,IND-Delhi,3.04,1.64,2,0,0,1.0,Permanent,Female,Filipino,Expat
E00053,2026-02-01,83563.23,100983.24,8356.32,5013.79,3135.24,914.64,A,Finance,BU1,UAE,Sharjah,UAE-Sharjah,3.97,1.08,3,0,0,1.0,Permanent,Male,Indian,Local
E00054,2026-02-01,38179.81,46749.08,3817.98,1527.19,1526.45,1697.65,A,IT,BU3,India,Delhi,IND-Delhi,2.73,0.14,3,0,0,1.0,Contract,Female,Saudi,Local
E00055,2026-02-01,86672.48,100520.43,8667.25,3466.9,1180.22,533.58,D,Finance,BU3,India,Mumbai,IND-Mumbai,2.14,1.77,1,0,0,1.0,Contract,Male,British,Local
E00056,2026-02-01,177567.11,213716.23,17756.71,10654.03,6743.59,994.8,C,Finance,BU1,UAE,Dubai,UAE-Dubai,4.8,4.76,1,1,1,1.0,Contract,Male,Emirati,Local
E00057,2026-02-01,74066.36,93351.44,13331.95,4443.98,1259.74,249.42,A,Sales,BU1,UAE,Sharjah,UAE-Sharjah,1.11,0.12,3,1,0,1.0,Permanent,Male,British,Expat
E00058,2026-02-01,41797.11,50543.04,4179.71,1671.88,1180.02,1714.31,B,Finance,BU3,India,Bengaluru,IND-Bengaluru,1.29,0.79,2,0,0,0.8,Contract,Male,British,Local
E00059,2026-02-01,34164.62,41475.62,3416.46,1366.58,1261.46,1266.5,A,HR,BU3,India,Bengaluru,IND-Bengaluru,4.77,1.24,3,0,0,1.0,Permanent,Male,Saudi,Local
E00060,2026-02-01,120757.05,156026.4,21736.27,7245.42,2687.28,3600.38,D,Marketing,BU1,Saudi Arabia,Jeddah,KSA-Jeddah,3.33,2.69,3,0,0,0.6,Contract,Male,Egyptian,Expat
E00061,2026-02-01,105000.01,128792.9,10500.0,4200.0,3561.89,5531.0,D,Operations,BU1,India,Bengaluru,IND-Bengaluru,3.61,2.45,3,0,0,1.0,Permanent,Female,Filipino,Local
E00062,2026-02-01,63209.67,82189.01,11377.74,2528.39,936.94,4136.27,C,Operations,BU1,India,Delhi,IND-Delhi,2.49,2.06,2,0,0,0.8,Contract,Female,Egyptian,Expat
E00063,2026-02-01,114026.81,145512.39,20524.83,6841.61,2481.74,1637.4,B,Operations,BU2,Saudi Arabia,Jeddah,KSA-Jeddah,1.64,0.46,1,0,0,1.0,Permanent,Male,Pakistani,Expat
E00064,2026-02-01,291143.09,347832.97,29114.31,17468.59,9534.32,572.66,E,Sales,BU3,Saudi Arabia,Riyadh,KSA-Riyadh,2.76,2.69,5,1,0,1.0,Permanent,Female,Filipino,Local
E00065,2026-02-01,282716.13,335699.51,28271.61,16962.97,4778.36,2970.44,E,IT,BU2,Saudi Arabia,Riyadh,KSA-Riyadh,4.41,3.64,3,0,0,0.8,Permanent,Male,Saudi,Local
E00066,2026-02-01,165701.62,207160.91,16570.16,9942.1,3488.98,11458.05,C,Operations,BU3,Saudi Arabia,Dammam,KSA-Dammam,5.06,1.16,3,0,0,1.0,Contract,Female,Egyptian,Local
E00067,2026-02-01,124456.64,152098.36,12445.66,7467.4,2168.81,5559.85,B,Operations,BU1,Saudi Arabia,Dammam,KSA-Dammam,2.78,2.69,2,0,0,1.0,Permanent,Female,Indian,Local
E00068,2026-02-01,115063.18,144584.37,20711.37,4602.53,3842.6,364.69,D,Operations,BU2,India,Delhi,IND-Delhi,8.91,4.8,3,0,0,1.0,Permanent,Female,Egyptian,Expat
E00069,2026-02-01,116237.53,151037.27,20922.75,6974.25,1625.17,5277.56,B,Marketing,BU3,UAE,Abu Dhabi,UAE-Abu Dhabi,4.56,1.6,1,0,0,1.0,Permanent,Male,Emirati,Expat
E00070,2026-02-01,122456.36,151527.21,12245.64,7347.38,3004.09,6473.73,B,Finance,BU3,Saudi Arabia,Dammam,KSA-Dammam,1.78,1.68,3,0,0,1.0,Permanent,Male,British,Local
E00071,2026-02-01,205489.91,256120.07,20548.99,12329.39,6923.15,10828.62,C,IT,BU3,UAE,Abu Dhabi,UAE-Abu Dhabi,7.98,1.75,5,0,0,1.0,Permanent,Male,Pakistani,Local
E00072,2026-02-01,129076.57,166516.66,23233.78,7744.59,2630.33,3831.39,B,Finance,BU3,UAE,Abu Dhabi,UAE-Abu Dhabi,2.14,1.86,4,0,1,1.0,Permanent,Male,Filipino,Expat
E00073,2026-02-01,134711.0,163163.72,13471.1,5388.44,1878.82,7714.36,D,Finance,BU2,India,Mumbai,IND-Mumbai,9.27,1.69,3,0,0,1.0,Permanent,Male,British,Local
E00074,2026-02-01,373150.35,446460.22,37315.03,22389.02,13336.24,269.58,F,Operations,BU1,Saudi Arabia,Jeddah,KSA-Jeddah,5.77,0.55,3,0,0,1.0,Permanent,Male,British,Local
E00075,2026-02-01,424001.91,521527.57,42400.19,25440.11,4706.48,24978.87,F,IT,BU2,Saudi Arabia,Riyadh,KSA-Riyadh,0.65,0.4,4,0,0,1.0,Permanent,Male,Pakistani,Local
E00076,2026-02-01,104689.45,134257.58,18844.1,4187.58,3208.34,3328.11,D,Sales,BU3,India,Delhi,IND-Delhi,2.51,1.61,3,0,0,1.0,Permanent,Male,Emirati,Expat
E00077,2026-02-01,186925.12,221807.11,18692.51,7477.0,7308.28,1404.19,F,HR,BU1,India,Delhi,IND-Delhi,1.52,0.47,4,0,0,1.0,Permanent,Male,British,Local
E00078,2026-02-01,155955.72,201055.16,28072.03,6238.23,2568.63,8220.56,F,HR,BU1,India,Mumbai,IND-Mumbai,1.29,0.04,4,0,0,0.8,Permanent,Male,Emirati,Expat
E00079,2026-02-01,207358.13,260279.69,20735.81,12441.49,7098.98,12645.28,C,HR,BU2,UAE,Sharjah,UAE-Sharjah,7.43,6.53,3,0,0,1.0,Permanent,Female,Egyptian,Local
E00080,2026-02-01,167706.49,214846.67,30187.17,10062.39,4630.69,2259.94,C,Marketing,BU2,UAE,Dubai,UAE-Dubai,1.06,0.63,3,0,0,1.0,Permanent,Male,British,Expat
E00081,2026-02-01,190794.93,244241.23,34343.09,11447.7,7377.22,278.29,C,HR,BU2,UAE,Dubai,UAE-Dubai,3.24,1.97,4,0,1,1.0,Permanent,Female,Egyptian,Expat
E00082,2026-02-01,68701.77,91071.21,12366.32,4122.11,1944.95,3936.07,A,Finance,BU3,Saudi Arabia,Jeddah,KSA-Jeddah,6.06,1.86,4,0,0,1.0,Permanent,Male,Filipino,Expat
E00083,2026-02-01,88457.54,109119.09,15922.36,3538.3,1182.6,18.29,D,Sales,BU2,India,Delhi,IND-Delhi,4.47,0.39,4,0,0,0.8,Permanent,Female,Emirati,Expat
E00084,2026-02-01,119399.31,146247.1,11939.93,7163.96,3428.64,4315.26,B,Finance,BU3,UAE,Abu Dhabi,UAE-Abu Dhabi,0.23,0.19,3,0,0,1.0,Permanent,Male,Saudi,Local
E00085,2026-02-01,335089.52,416174.05,33508.95,20105.37,9352.82,18117.39,E,Finance,BU3,UAE,Abu Dhabi,UAE-Abu Dhabi,4.11,2.6,2,0,0,1.0,Permanent,Male,Pakistani,Local
E00086,2026-02-01,69192.24,83972.22,6919.22,4151.53,836.03,2873.19,A,Sales,BU2,Saudi Arabia,Riyadh,KSA-Riyadh,1.85,0.35,3,1,0,1.0,Permanent,Male,Egyptian,Local
E00087,2026-02-01,241790.59,312575.51,43522.31,14507.44,9364.25,3390.93,D,Marketing,BU2,UAE,Dubai,UAE-Dubai,1.07,0.78,3,0,0,1.0,Contract,Male,Emirati,Expat
E00088,2026-02-01,76125.96,92640.55,7612.6,3045.04,2684.28,3172.67,C,Marketing,BU1,India,Bengaluru,IND-Bengaluru,1.87,0.28,5,0,0,1.0,Contract,Male,Indian,Local
E00089,2026-02-01,289820.47,390718.14,52167.68,17389.23,11091.9,20248.87,E,Operations,BU2,Saudi Arabia,Jeddah,KSA-Jeddah,5.78,1.38,3,0,0,1.0,Permanent,Male,Emirati,Expat
E00090,2026-02-01,435682.44,515408.01,43568.24,26140.95,4656.06,5360.33,F,Operations,BU2,UAE,Dubai,UAE-Dubai,5.9,0.83,3,0,0,1.0,Permanent,Male,Indian,Local
E00091,2026-02-01,414381.14,507548.79,41438.11,24862.87,10088.95,16777.71,F,HR,BU1,UAE,Dubai,UAE-Dubai,6.56,6.25,4,0,1,1.0,Contract,Female,Filipino,Local
E00092,2026-02-01,176876.12,216651.73,17687.61,7075.04,4340.19,10672.76,F,Sales,BU1,India,Mumbai,IND-Mumbai,4.33,1.67,3,0,0,1.0,Permanent,Male,Egyptian,Local
E00093,2026-02-01,52423.52,64658.43,5242.35,2096.94,1857.91,3037.7,B,Operations,BU1,India,Mumbai,IND-Mumbai,2.01,0.47,3,0,0,1.0,Permanent,Male,Pakistani,Local
E00094,2026-02-01,57817.65,66919.64,5781.77,2312.71,951.45,56.06,B,IT,BU2,India,Bengaluru,IND-Bengaluru,1.32,0.34,4,0,0,1.0,Permanent,Male,British,Local
E00095,2026-02-01,76540.41,93928.74,7654.04,4592.42,2739.15,2402.72,A,Sales,BU1,Saudi Arabia,Dammam,KSA-Dammam,1.2,0.29,3,0,0,1.0,Permanent,Male,British,Local
E00096,2026-02-01,392432.64,492155.8,39243.26,23545.96,9229.46,27704.47,E,Finance,BU1,UAE,Dubai,UAE-Dubai,7.52,2.9,3,0,0,1.0,Permanent,Male,Pakistani,Local
E00097,2026-02-01,107836.63,134740.21,19410.59,4313.47,1677.49,1502.03,D,Operations,BU1,India,Bengaluru,IND-Bengaluru,2.71,0.8,3,1,0,1.0,Contract,Male,Saudi,Expat
E00098,2026-02-01,83198.15,98979.6,8319.81,4991.89,1636.21,833.54,A,HR,BU2,Saudi Arabia,Jeddah,KSA-Jeddah,7.31,1.87,3,0,0,1.0,Contract,Male,Saudi,Local
E00099,2026-02-01,221874.43,276650.37,22187.44,13312.47,3533.15,15742.88,D,Sales,BU2,Saudi Arabia,Dammam,KSA-Dammam,3.2,1.96,4,0,0,1.0,Permanent,Male,Saudi,Local
E00100,2026-02-01,198966.67,241070.89,19896.67,11938.0,6871.03,3398.53,C,Finance,BU1,UAE,Dubai,UAE-Dubai,2.55,0.45,3,0,0,1.0,Permanent,Female,Filipino,Local
E00101,2026-02-01,79201.44,98428.97,7920.14,3168.06,2554.35,5584.97,C,Operations,BU1,India,Delhi,IND-Delhi,1.92,0.83,2,0,0,1.0,Permanent,Male,Egyptian,Local
E00102,2026-02-01,421373.03,560785.37,75847.15,25282.38,12789.25,25493.56,E,IT,BU1,UAE,Abu Dhabi,UAE-Abu Dhabi,4.01,3.4,4,0,0,1.0,Permanent,Male,Saudi,Expat
E00103,2026-02-01,376636.25,471552.65,37663.62,22598.17,8312.29,26342.31,F,Sales,BU3,Saudi Arabia,Riyadh,KSA-Riyadh,5.85,0.17,2,0,0,1.0,Permanent,Female,Egyptian,Local
E00104,2026-02-01,248872.04,316314.87,44796.97,14932.32,5277.05,2436.49,D,Sales,BU2,UAE,Abu Dhabi,UAE-Abu Dhabi,1.12,0.78,4,0,0,1.0,Permanent,Female,Pakistani,Expat
E00105,2026-02-01,70112.84,83766.91,7011.28,2804.51,2700.0,1138.28,B,IT,BU3,India,Bengaluru,IND-Bengaluru,7.97,5.47,5,0,0,1.0,Permanent,Female,Saudi,Local
E00106,2026-02-01,40980.7,49274.51,4098.07,1639.23,973.11,1583.39,A,Finance,BU2,India,Bengaluru,IND-Bengaluru,6.14,5.36,4,0,0,1.0,Contract,Female,Indian,Local
E00107,2026-02-01,191874.51,241303.2,34537.41,7674.98,3425.18,3791.11,F,IT,BU1,India,Mumbai,IND-Mumbai,2.14,2.05,2,0,0,1.0,Permanent,Male,Pakistani,Expat
E00108,2026-02-01,71837.36,93089.66,12930.72,2873.49,2296.89,3151.19,C,HR,BU1,India,Bengaluru,IND-Bengaluru,2.83,0.89,4,0,0,1.0,Permanent,Male,Pakistani,Expat
E00109,2026-02-01,325849.12,399935.98,32584.91,19550.95,4126.95,17824.05,E,Marketing,BU1,UAE,Dubai,UAE-Dubai,2.76,2.61,5,0,0,1.0,Permanent,Male,Emirati,Local
E00110,2026-02-01,307764.34,379913.79,30776.43,18465.86,6879.45,16027.71,E,HR,BU3,Saudi Arabia,Riyadh,KSA-Riyadh,9.56,7.57,4,0,1,1.0,Permanent,Male,Filipino,Local
E00111,2026-02-01,309954.24,416062.85,55791.76,18597.25,7295.45,24424.14,E,HR,BU3,Saudi Arabia,Dammam,KSA-Dammam,11.68,4.16,3,0,1,1.0,Permanent,Male,Egyptian,Expat
E00112,2026-02-01,158116.61,192086.35,15811.66,9487.0,5174.28,3496.8,C,Sales,BU1,Saudi Arabia,Dammam,KSA-Dammam,4.84,0.95,2,0,0,1.0,Permanent,Male,Saudi,Local
E00113,2026-02-01,57875.19,73489.28,10417.53,2315.01,842.84,2038.7,D,HR,BU2,India,Delhi,IND-Delhi,1.78,0.36,2,0,0,0.6,Permanent,Male,Indian,Expat
E00114,2026-02-01,134002.39,157471.58,13400.24,8040.14,1714.01,314.79,B,IT,BU2,Saudi Arabia,Jeddah,KSA-Jeddah,5.71,5.59,3,0,0,1.0,Permanent,Male,Egyptian,Local
E00115,2026-02-01,319309.21,384866.66,31930.92,19158.55,8226.38,6241.6,F,Sales,BU1,Saudi Arabia,Riyadh,KSA-Riyadh,1.71,0.54,3,0,0,0.8,Contract,Male,Pakistani,Local
E00116,2026-02-01,109809.4,133560.48,10980.94,6588.56,3325.61,2855.96,B,Sales,BU2,Saudi Arabia,Dammam,KSA-Dammam,3.63,1.71,5,0,1,1.0,Permanent,Male,British,Local
E00117,2026-02-01,147616.3,194472.87,26570.93,5904.65,5334.28,9046.69,E,Sales,BU1,India,Delhi,IND-Delhi,4.24,0.14,3,0,0,1.0,Permanent,Male,Emirati,Expat
E00118,2026-02-01,219550.75,260127.53,21955.08,13173.05,4971.36,477.3,D,Marketing,BU3,Saudi Arabia,Dammam,KSA-Dammam,3.82,1.58,4,0,0,1.0,Permanent,Male,Filipino,Local
E00119,2026-02-01,401460.83,482024.1,40146.08,24087.65,13945.16,2384.38,F,IT,BU2,UAE,Dubai,UAE-Dubai,3.29,1.48,3,0,0,1.0,Permanent,Female,Indian,Local
E00120,2026-02-01,80563.88,100129.58,8056.39,4833.83,2815.0,3860.48,A,Sales,BU2,UAE,Abu Dhabi,UAE-Abu Dhabi,4.89,0.17,3,0,0,1.0,Permanent,Male,British,Local
E00121,2026-02-01,92341.64,114808.58,9234.16,5540.5,2695.28,4996.99,A,IT,BU1,Saudi Arabia,Jeddah,KSA-Jeddah,3.43,1.17,2,0,0,1.0,Contract,Male,Pakistani,Local
E00122,2026-02-01,123463.68,150641.31,12346.37,7407.82,2974.15,4449.29,C,Marketing,BU2,Saudi Arabia,Dammam,KSA-Dammam,2.68,0.11,3,0,0,0.8,Permanent,Female,British,Local
E00123,2026-02-01,233009.12,308427.01,41941.64,13980.55,4272.14,15223.55,D,Operations,BU1,UAE,Abu Dhabi,UAE-Abu Dhabi,4.18,1.83,3,0,0,1.0,Permanent,Female,Indian,Expat
E00124,2026-02-01,213794.14,266213.13,21379.41,12827.65,4122.2,14089.72,C,Finance,BU3,UAE,Sharjah,UAE-Sharjah,3.04,1.25,4,0,0,1.0,Permanent,Male,British,Local
E00125,2026-02-01,157040.68,189916.96,15704.07,6281.63,5812.02,5078.57,E,Marketing,BU3,India,Delhi,IND-Delhi,9.06,5.3,2,0,0,1.0,Permanent,Male,Emirati,Local
E00126,2026-02-01,232375.99,279807.17,23237.6,13942.56,2405.37,7845.65,D,Finance,BU2,Saudi Arabia,Dammam,KSA-Dammam,12.85,5.79,2,0,0,1.0,Contract,Male,Indian,Local
E00127,2026-02-01,79671.87,94475.77,7967.19,3186.87,2207.59,1442.25,C,Operations,BU1,India,Delhi,IND-Delhi,3.62,1.46,2,0,0,1.0,Permanent,Male,Saudi,Local
E00128,2026-02-01,438464.23,533097.96,43846.42,26307.85,11188.37,13291.09,F,IT,BU2,Saudi Arabia,Riyadh,KSA-Riyadh,3.68,0.16,4,1,0,1.0,Permanent,Female,British,Local
E00129,2026-02-01,197466.42,233408.84,19746.64,11847.99,2779.08,1568.71,C,Finance,BU1,UAE,Dubai,UAE-Dubai,4.57,4.45,3,0,0,1.0,Permanent,Male,Pakistani,Local
E00130,2026-02-01,156540.07,187900.22,15654.01,9392.4,4415.42,1898.32,C,Marketing,BU3,Saudi Arabia,Jeddah,KSA-Jeddah,4.53,2.01,5,1,0,1.0,Permanent,Male,Egyptian,Local
E00131,2026-02-01,212710.62,281545.74,38287.91,12762.64,8294.12,9490.45,D,Operations,BU1,UAE,Abu Dhabi,UAE-Abu Dhabi,3.58,0.7,2,0,0,1.0,Permanent,Male,British,Expat
E00132,2026-02-01,170708.25,202205.76,17070.83,6828.33,4488.05,3110.3,F,Operations,BU3,India,Delhi,IND-Delhi,1.56,0.31,3,0,0,1.0,Permanent,Female,Emirati,Local
E00133,2026-02-01,164342.06,211829.32,29581.57,9860.52,4068.77,3976.39,C,Sales,BU2,Saudi Arabia,Dammam,KSA-Dammam,2.07,1.97,3,0,0,1.0,Permanent,Male,Pakistani,Expat
E00134,2026-02-01,85437.65,98427.39,8543.77,3417.51,1006.81,21.65,C,IT,BU3,India,Delhi,IND-Delhi,2.52,1.49,4,0,0,1.0,Permanent,Male,Filipino,Local
E00135,2026-02-01,70305.67,93163.2,12655.02,4218.34,1459.65,4524.52,A,Marketing,BU3,Saudi Arabia,Jeddah,KSA-Jeddah,3.31,2.39,3,0,0,1.0,Permanent,Female,British,Expat
E00136,2026-02-01,301805.22,386115.52,54324.94,18108.31,9356.27,2520.78,E,IT,BU3,Saudi Arabia,Riyadh,KSA-Riyadh,1.75,0.12,1,0,0,1.0,Permanent,Female,British,Expat
E00137,2026-02-01,204423.14,244482.62,20442.31,12265.39,4977.25,2374.52,D,Marketing,BU3,Saudi Arabia,Dammam,KSA-Dammam,3.72,2.54,2,0,0,1.0,Permanent,Male,Emirati,Local
E00138,2026-02-01,177905.11,232127.09,32022.92,7116.2,2435.1,12647.76,E,IT,BU3,India,Mumbai,IND-Mumbai,5.23,5.12,3,0,0,1.0,Permanent,Male,British,Expat
E00139,2026-02-01,290202.17,351243.92,29020.22,17412.13,5266.13,9343.27,E,Marketing,BU2,Saudi Arabia,Riyadh,KSA-Riyadh,0.97,0.7,3,0,0,1.0,Permanent,Female,Filipino,Local
E00140,2026-02-01,33184.1,43969.52,5973.14,1327.36,1117.24,2367.68,A,Marketing,BU2,India,Mumbai,IND-Mumbai,5.9,2.13,3,0,0,1.0,Permanent,Male,Pakistani,Expat
E00141,2026-02-01,447581.09,585425.63,80564.6,26854.87,6216.01,24209.06,F,IT,BU1,Saudi Arabia,Dammam,KSA-Dammam,6.14,1.56,4,0,0,1.0,Permanent,Male,Indian,Expat
E00142,2026-02-01,269342.43,350098.27,48481.64,16160.55,7154.3,8959.35,E,Sales,BU1,Saudi Arabia,Jeddah,KSA-Jeddah,1.62,1.25,1,0,0,1.0,Permanent,Male,Saudi,Expat
E00143,2026-02-01,91981.38,113689.06,16556.65,3679.26,1155.31,316.47,C,Marketing,BU1,India,Delhi,IND-Delhi,4.25,0.22,3,0,0,1.0,Permanent,Male,British,Expat
E00144,2026-02-01,125412.98,148918.55,12541.3,5016.52,1291.47,4656.28,D,Sales,BU3,India,Mumbai,IND-Mumbai,1.37,0.68,3,0,0,1.0,Permanent,Male,Emirati,Local
E00145,2026-02-01,313430.65,380312.51,31343.07,18805.84,8004.65,8728.31,E,Sales,BU3,Saudi Arabia,Riyadh,KSA-Riyadh,5.8,1.54,1,0,1,1.0,Permanent,Female,Emirati,Local
E00146,2026-02-01,105770.73,127556.41,10577.07,4230.83,2972.03,4005.76,D,Operations,BU3,India,Delhi,IND-Delhi,1.76,0.27,4,1,0,1.0,Permanent,Male,Saudi,Local
E00147,2026-02-01,202830.03,247310.41,20283.0,8113.2,2922.55,13161.62,F,Finance,BU3,India,Mumbai,IND-Mumbai,3.74,0.53,3,0,0,1.0,Permanent,Male,Filipino,Local
E00148,2026-02-01,97374.3,116963.48,9737.43,3894.97,3197.06,2759.73,D,Finance,BU1,India,Mumbai,IND-Mumbai,8.47,7.44,3,0,0,1.0,Permanent,Male,British,Local
E00149,2026-02-01,119316.27,144918.31,11931.63,7158.98,4631.72,1879.72,B,Marketing,BU2,UAE,Abu Dhabi,UAE-Abu Dhabi,1.8,0.09,4,0,0,1.0,Permanent,Male,Indian,Local
E00150,2026-02-01,469193.7,590286.93,46919.37,28151.62,10254.78,35767.45,F,Marketing,BU1,Saudi Arabia,Jeddah,KSA-Jeddah,5.1,4.23,4,0,0,1.0,Permanent,Male,British,Local
E00151,2026-02-01,139293.98,184911.84,25072.92,8357.64,2737.14,9450.17,C,Sales,BU3,Saudi Arabia,Dammam,KSA-Dammam,1.37,0.01,3,0,0,1.0,Permanent,Female,Emirati,Expat
E00152,2026-02-01,35805.77,47751.54,6445.04,1432.23,1344.61,2723.9,B,Operations,BU3,India,Bengaluru,IND-Bengaluru,5.15,3.92,3,0,0,0.6,Contract,Male,British,Expat
E00153,2026-02-01,345591.46,456344.61,62206.46,20735.49,7928.36,19882.84,F,Operations,BU1,Saudi Arabia,Jeddah,KSA-Jeddah,2.01,1.51,3,0,0,1.0,Contract,Male,Egyptian,Expat
E00154,2026-02-01,291057.64,363341.62,29105.76,17463.46,5805.71,19909.05,E,IT,BU1,Saudi Arabia,Dammam,KSA-Dammam,5.52,2.75,3,0,1,1.0,Permanent,Female,Egyptian,Local
E00155,2026-02-01,193251.1,242178.73,19325.11,11595.07,3613.96,14393.5,C,IT,BU1,UAE,Sharjah,UAE-Sharjah,4.36,3.6,3,0,0,1.0,Permanent,Female,Egyptian,Local
E00156,2026-02-01,85370.23,111194.26,15366.64,5122.21,2494.44,2840.74,A,Finance,BU2,Saudi Arabia,Jeddah,KSA-Jeddah,3.21,0.17,2,0,0,1.0,Permanent,Female,Filipino,Expat
E00157,2026-02-01,141496.84,168985.23,14149.68,8489.81,4614.9,233.99,C,Finance,BU3,Saudi Arabia,Jeddah,KSA-Jeddah,1.5,0.81,2,0,0,1.0,Permanent,Male,Filipino,Local
E00158,2026-02-01,197527.56,244386.72,19752.76,11851.65,2557.4,12697.36,D,Marketing,BU1,Saudi Arabia,Dammam,KSA-Dammam,0.51,0.5,3,0,0,1.0,Permanent,Female,Filipino,Local
E00159,2026-02-01,114888.65,144123.02,20679.96,4595.55,2460.4,1498.47,E,Finance,BU2,India,Bengaluru,IND-Bengaluru,2.45,1.78,3,0,0,0.8,Contract,Male,Pakistani,Expat
E00160,2026-02-01,82531.92,104036.84,8253.19,4951.92,2604.18,5695.63,A,Sales,BU3,Saudi Arabia,Riyadh,KSA-Riyadh,5.38,2.94,5,0,0,1.0,Permanent,Male,British,Local
E00161,2026-02-01,200513.85,253283.3,36092.49,8020.55,3735.37,4921.04,F,IT,BU3,India,Delhi,IND-Delhi,1.9,1.19,3,0,0,1.0,Permanent,Male,Filipino,Expat
E00162,2026-02-01,211829.62,272177.3,38129.33,12709.78,6136.38,3372.19,C,Sales,BU2,UAE,Sharjah,UAE-Sharjah,1.94,0.73,4,0,0,1.0,Permanent,Male,Saudi,Expat
E00163,2026-02-01,233918.93,283557.63,23391.89,14035.14,4770.95,7440.72,F,HR,BU3,Saudi Arabia,Jeddah,KSA-Jeddah,7.26,2.93,4,0,0,0.6,Permanent,Male,Emirati,Local
E00164,2026-02-01,357744.31,474208.81,64393.98,21464.66,10463.65,20142.22,E,HR,BU2,UAE,Abu Dhabi,UAE-Abu Dhabi,9.94,5.57,3,0,0,1.0,Contract,Male,Egyptian,Expat
E00165,2026-02-01,212523.83,259643.25,21252.38,12751.43,2447.14,10668.47,D,Marketing,BU1,UAE,Sharjah,UAE-Sharjah,1.54,0.33,4,0,0,1.0,Permanent,Male,Saudi,Local
E00166,2026-02-01,184957.95,222637.13,18495.8,11097.48,4257.85,3828.06,C,Finance,BU2,Saudi Arabia,Jeddah,KSA-Jeddah,8.56,3.47,2,0,0,1.0,Contract,Male,Filipino,Local
E00167,2026-02-01,137881.18,176483.87,24818.61,8272.87,3135.85,2375.35,B,IT,BU1,UAE,Abu Dhabi,UAE-Abu Dhabi,3.85,0.11,3,0,0,1.0,Permanent,Female,Saudi,Expat
E00168,2026-02-01,173819.49,225993.85,31287.51,6952.78,2813.53,11120.54,F,HR,BU2,India,Delhi,IND-Delhi,5.48,5.41,3,0,0,1.0,Permanent,Male,Filipino,Expat
E00169,2026-02-01,153760.04,180628.24,15376.0,6150.4,1638.68,3703.11,E,Finance,BU2,India,Bengaluru,IND-Bengaluru,8.75,5.19,4,0,1,1.0,Permanent,Male,Indian,Local
E00170,2026-02-01,81149.76,99854.03,8114.98,4868.99,2823.58,2896.73,A,Sales,BU3,Saudi Arabia,Dammam,KSA-Dammam,0.53,0.42,4,0,1,1.0,Contract,Male,Saudi,Local
E00171,2026-02-01,96682.94,116255.65,9668.29,5800.98,1639.12,2464.32,B,HR,BU3,Saudi Arabia,Jeddah,KSA-Jeddah,6.47,5.09,3,0,1,1.0,Permanent,Male,Saudi,Local
E00172,2026-02-01,88193.47,112803.85,15874.82,3527.74,2176.73,3031.09,D,Marketing,BU1,India,Mumbai,IND-Mumbai,1.7,0.78,3,0,0,1.0,Permanent,Female,Indian,Expat
E00173,2026-02-01,280274.87,334790.1,28027.49,16816.49,4206.35,5464.9,E,HR,BU2,Saudi Arabia,Jeddah,KSA-Jeddah,8.79,4.66,2,0,0,1.0,Contract,Male,Emirati,Local
E00174,2026-02-01,415378.1,520918.87,41537.81,24922.69,15931.17,23149.1,F,IT,BU1,Saudi Arabia,Jeddah,KSA-Jeddah,1.33,0.44,3,0,0,1.0,Permanent,Male,Emirati,Local
E00175,2026-02-01,132164.41,164405.04,13216.44,7929.86,3813.31,7281.01,B,HR,BU1,Saudi Arabia,Jeddah,KSA-Jeddah,3.48,2.76,2,0,1,1.0,Permanent,Female,Emirati,Local
E00176,2026-02-01,105443.45,131875.37,18979.82,4217.74,3103.54,130.82,D,Finance,BU1,India,Bengaluru,IND-Bengaluru,1.21,0.49,3,0,0,1.0,Permanent,Male,Saudi,Expat
E00177,2026-02-01,345638.28,425286.78,34563.83,20738.3,4182.26,20164.12,E,Sales,BU3,UAE,Sharjah,UAE-Sharjah,2.85,0.66,4,0,0,1.0,Permanent,Male,Egyptian,Local
E00178,2026-02-01,172681.81,227886.9,31082.73,10360.91,5697.71,8063.74,C,Sales,BU3,UAE,Sharjah,UAE-Sharjah,2.06,1.66,4,0,0,1.0,Permanent,Female,Emirati,Expat
E00179,2026-02-01,198797.98,250770.91,19879.8,11927.88,6605.87,13559.37,D,Sales,BU1,Saudi Arabia,Dammam,KSA-Dammam,3.55,0.56,3,0,0,1.0,Permanent,Male,British,Local
E00180,2026-02-01,126573.85,157890.21,12657.38,7594.43,4386.41,6678.15,C,Operations,BU3,Saudi Arabia,Dammam,KSA-Dammam,11.56,1.5,2,0,0,0.8,Permanent,Male,Emirati,Local
E00181,2026-02-01,127248.72,168287.73,22904.77,5089.95,3034.33,10009.95,D,IT,BU2,India,Bengaluru,IND-Bengaluru,9.0,6.59,2,0,0,1.0,Permanent,Male,Pakistani,Expat
E00182,2026-02-01,189659.61,232712.43,18965.96,11379.58,6085.58,6621.69,C,Sales,BU1,UAE,Abu Dhabi,UAE-Abu Dhabi,4.89,3.83,3,0,0,1.0,Permanent,Male,Indian,Local
E00183,2026-02-01,94654.29,127799.54,17037.77,5679.26,3675.88,6752.34,B,Marketing,BU1,Saudi Arabia,Dammam,KSA-Dammam,0.84,0.39,3,0,0,1.0,Permanent,Female,British,Expat
E00184,2026-02-01,240278.6,304356.79,24027.86,14416.72,6590.48,19043.12,D,IT,BU2,Saudi Arabia,Riyadh,KSA-Riyadh,1.15,0.65,3,0,0,1.0,Permanent,Female,Pakistani,Local
E00185,2026-02-01,63157.09,83434.06,11368.28,2526.28,1586.51,4795.9,B,Finance,BU3,India,Delhi,IND-Delhi,6.83,3.37,4,0,0,1.0,Permanent,Female,Egyptian,Expat
E00186,2026-02-01,175533.44,211221.27,17553.34,10532.01,6751.43,851.06,C,IT,BU1,UAE,Sharjah,UAE-Sharjah,3.18,2.57,3,0,1,1.0,Permanent,Female,Saudi,Local
E00187,2026-02-01,270143.79,336067.97,27014.38,16208.63,7516.07,15185.11,D,Sales,BU2,UAE,Abu Dhabi,UAE-Abu Dhabi,13.08,5.14,2,1,0,1.0,Contract,Male,Filipino,Local
E00188,2026-02-01,110853.63,134842.61,11085.36,4434.15,4345.63,4123.84,D,Sales,BU3,India,Mumbai,IND-Mumbai,4.02,1.15,4,0,1,1.0,Contract,Male,Indian,Local
E00189,2026-02-01,164624.75,208204.34,16462.48,9877.49,4263.19,12976.43,C,Operations,BU3,Saudi Arabia,Jeddah,KSA-Jeddah,5.93,1.0,3,0,0,1.0,Permanent,Female,Indian,Local
E00190,2026-02-01,135620.88,180542.96,24411.76,8137.25,1667.38,10705.69,B,IT,BU2,UAE,Dubai,UAE-Dubai,1.71,1.67,2,0,0,1.0,Permanent,Male,British,Expat
E00191,2026-02-01,75619.78,90290.71,7561.98,3024.79,2378.67,1705.49,C,Sales,BU2,India,Bengaluru,IND-Bengaluru,4.13,3.62,3,0,0,1.0,Permanent,Male,Filipino,Local
E00192,2026-02-01,91663.31,120221.37,16499.4,3666.53,2245.33,6146.8,D,IT,BU1,India,Delhi,IND-Delhi,3.85,0.75,3,0,0,0.8,Contract,Male,Egyptian,Expat
E00193,2026-02-01,58572.1,71112.3,5857.21,2342.88,1239.69,3100.42,B,Sales,BU3,India,Mumbai,IND-Mumbai,9.95,3.92,3,0,0,1.0,Permanent,Female,Saudi,Local
E00194,2026-02-01,114858.19,144068.14,11485.82,6891.49,3067.12,7765.52,B,IT,BU3,Saudi Arabia,Riyadh,KSA-Riyadh,0.75,0.28,4,0,0,1.0,Contract,Female,Filipino,Local
E00195,2026-02-01,25591.46,30497.44,2559.15,1023.66,327.91,995.26,A,Marketing,BU1,India,Delhi,IND-Delhi,2.77,2.08,2,0,1,1.0,Contract,Male,Egyptian,Local
E00196,2026-02-01,113596.13,137371.65,11359.61,4543.85,3549.16,4322.9,D,IT,BU2,India,Bengaluru,IND-Bengaluru,2.04,1.05,4,0,0,1.0,Permanent,Male,Saudi,Local
E00197,2026-02-01,64395.8,82254.99,11591.24,2575.83,1293.08,2399.04,C,IT,BU3,India,Mumbai,IND-Mumbai,5.16,5.14,4,0,0,0.8,Permanent,Female,Pakistani,Expat
E00198,2026-02-01,471859.78,584868.1,47185.98,28311.59,9220.84,28289.92,F,Sales,BU1,UAE,Abu Dhabi,UAE-Abu Dhabi,5.46,4.68,4,0,0,1.0,Permanent,Male,Indian,Local
E00199,2026-02-01,86179.88,101765.78,8617.99,3447.2,1579.15,1941.57,C,Finance,BU1,India,Delhi,IND-Delhi,5.25,4.45,4,0,1,1.0,Permanent,Male,Indian,Local
E00200,2026-02-01,243966.33,309628.78,43913.94,14637.98,3892.42,3218.11,D,Sales,BU3,Saudi Arabia,Dammam,KSA-Dammam,4.91,2.66,5,0,0,1.0,Permanent,Male,Indian,Expat
E00201,2026-02-01,123402.79,154527.24,22212.5,7404.17,1439.88,67.9,B,Marketing,BU1,Saudi Arabia,Riyadh,KSA-Riyadh,5.49,3.17,4,0,0,1.0,Permanent,Male,Filipino,Expat
E00202,2026-02-01,220355.73,268407.36,22035.57,13221.34,4107.07,8687.65,D,HR,BU3,Saudi Arabia,Dammam,KSA-Dammam,5.48,4.56,2,0,0,1.0,Permanent,Male,Emirati,Local
E00203,2026-02-01,229647.84,289509.85,41336.61,13778.87,4547.91,198.62,D,Finance,BU2,UAE,Dubai,UAE-Dubai,10.0,4.53,3,0,0,0.8,Permanent,Male,British,Expat
E00204,2026-02-01,82754.21,110355.86,14895.76,4965.25,2787.56,4953.08,A,Operations,BU3,Saudi Arabia,Dammam,KSA-Dammam,6.08,3.75,4,0,0,1.0,Contract,Female,Saudi,Expat
E00205,2026-02-01,201245.01,262958.89,36224.1,8049.8,4181.12,13258.86,F,Finance,BU3,India,Bengaluru,IND-Bengaluru,2.57,0.58,3,0,0,1.0,Permanent,Male,British,Expat
E00206,2026-02-01,200250.27,239221.46,20025.03,12015.02,3659.12,3272.04,C,Finance,BU1,UAE,Dubai,UAE-Dubai,0.72,0.1,3,1,0,1.0,Contract,Male,Filipino,Local
E00207,2026-02-01,129096.58,173436.41,23237.38,7745.79,3664.26,9692.39,D,Finance,BU2,Saudi Arabia,Jeddah,KSA-Jeddah,5.48,3.92,2,0,1,0.6,Permanent,Male,Indian,Expat
E00208,2026-02-01,205838.9,263097.57,37051.0,12350.33,7167.12,690.22,D,HR,BU1,Saudi Arabia,Dammam,KSA-Dammam,2.83,0.2,3,0,0,1.0,Permanent,Male,Pakistani,Expat
E00209,2026-02-01,227143.56,268685.61,22714.36,13628.61,4416.76,782.33,D,IT,BU2,Saudi Arabia,Dammam,KSA-Dammam,2.51,0.95,3,0,0,1.0,Permanent,Female,Egyptian,Local
E00210,2026-02-01,84068.35,107036.51,15132.3,3362.73,2285.92,2187.2,E,Operations,BU3,India,Mumbai,IND-Mumbai,2.7,2.28,3,1,0,0.8,Permanent,Female,Pakistani,Expat
E00211,2026-02-01,223982.06,270411.06,22398.21,13438.92,5135.8,5456.07,D,Sales,BU3,Saudi Arabia,Jeddah,KSA-Jeddah,3.72,2.3,3,0,1,1.0,Permanent,Male,Filipino,Local
E00212,2026-02-01,106221.1,132081.89,10622.11,6373.27,1811.05,7054.36,B,Sales,BU3,Saudi Arabia,Riyadh,KSA-Riyadh,0.91,0.31,4,0,0,1.0,Permanent,Male,Saudi,Local
E00213,2026-02-01,109111.15,133057.26,10911.11,6546.67,3016.99,3471.34,B,HR,BU1,Saudi Arabia,Riyadh,KSA-Riyadh,2.79,0.03,4,0,0,1.0,Permanent,Male,Indian,Local
E00214,2026-02-01,209641.0,251778.74,20964.1,12578.46,3903.47,4691.7,D,Marketing,BU3,Saudi Arabia,Jeddah,KSA-Jeddah,3.24,0.29,2,0,0,1.0,Permanent,Female,Egyptian,Local
E00215,2026-02-01,145659.12,184618.64,26218.64,8739.55,2005.28,1996.05,C,Operations,BU1,Saudi Arabia,Dammam,KSA-Dammam,2.19,1.2,4,0,0,1.0,Permanent,Male,Emirati,Expat
E00216,2026-02-01,252541.42,329942.82,45457.46,15152.49,8770.89,8020.56,D,Operations,BU3,UAE,Dubai,UAE-Dubai,0.56,0.13,3,0,0,1.0,Permanent,Male,British,Expat
E00217,2026-02-01,34903.06,45125.99,6282.55,1396.12,816.5,1727.76,A,Sales,BU1,India,Bengaluru,IND-Bengaluru,6.53,4.97,3,0,0,1.0,Permanent,Female,British,Expat
E00218,2026-02-01,129420.62,167367.13,23295.71,7765.24,4265.82,2619.75,B,Operations,BU3,UAE,Dubai,UAE-Dubai,8.89,7.12,5,0,0,1.0,Permanent,Male,British,Expat
E00219,2026-02-01,74607.76,90469.8,7460.78,2984.31,1470.86,3946.1,C,HR,BU3,India,Delhi,IND-Delhi,1.87,0.0,3,0,0,1.0,Contract,Male,Saudi,Local
E00220,2026-02-01,52493.29,64392.36,5249.33,2099.73,1285.11,3264.9,B,Marketing,BU1,India,Delhi,IND-Delhi,3.19,0.09,3,0,0,1.0,Permanent,Male,Emirati,Local
E00221,2026-02-01,205604.54,249790.97,20560.45,12336.27,6464.53,4825.18,D,Marketing,BU2,Saudi Arabia,Jeddah,KSA-Jeddah,4.44,1.51,4,0,0,1.0,Permanent,Male,Egyptian,Local
E00222,2026-02-01,296252.35,383384.86,53325.42,17775.14,7909.15,8122.79,D,Finance,BU1,UAE,Abu Dhabi,UAE-Abu Dhabi,2.66,1.69,3,0,0,1.0,Permanent,Male,Egyptian,Expat
E00223,2026-02-01,143633.39,177361.78,14363.34,8618.0,3091.17,7655.87,C,Sales,BU2,Saudi Arabia,Dammam,KSA-Dammam,1.04,0.34,3,0,0,0.8,Permanent,Male,Indian,Local
E00224,2026-02-01,61112.2,76600.2,6111.22,3666.73,1507.7,4202.35,A,Sales,BU3,Saudi Arabia,Dammam,KSA-Dammam,3.95,1.83,3,0,0,1.0,Permanent,Female,Egyptian,Local
E00225,2026-02-01,249466.13,313456.66,24946.61,14967.97,7113.07,16962.88,D,IT,BU1,UAE,Dubai,UAE-Dubai,2.71,0.51,1,0,0,1.0,Permanent,Male,Indian,Local
E00226,2026-02-01,140266.18,180584.19,25247.91,8415.97,3604.33,3049.8,D,IT,BU2,Saudi Arabia,Jeddah,KSA-Jeddah,0.56,0.04,1,0,0,0.6,Permanent,Male,Indian,Expat
E00227,2026-02-01,116115.37,136538.89,11611.54,4644.61,1234.08,2933.29,D,Finance,BU3,India,Delhi,IND-Delhi,2.89,2.03,3,1,0,1.0,Permanent,Male,British,Local
E00228,2026-02-01,182188.73,236964.44,32793.97,10931.32,3676.42,7374.0,C,Sales,BU2,UAE,Dubai,UAE-Dubai,2.75,1.6,5,0,0,1.0,Contract,Female,Pakistani,Expat
E00229,2026-02-01,38718.83,45794.43,3871.88,1548.75,1235.7,419.26,B,Marketing,BU2,India,Bengaluru,IND-Bengaluru,2.92,1.34,3,0,0,1.0,Permanent,Male,Indian,Local
E00230,2026-02-01,186712.47,237840.92,33608.24,11202.75,2519.56,3797.9,D,Operations,BU2,Saudi Arabia,Jeddah,KSA-Jeddah,1.1,0.24,1,0,0,1.0,Permanent,Male,Emirati,Expat
E00231,2026-02-01,186775.01,247059.09,33619.5,11206.5,3632.83,11825.24,D,Marketing,BU1,Saudi Arabia,Jeddah,KSA-Jeddah,2.7,0.86,3,0,0,1.0,Permanent,Male,Indian,Expat
E00232,2026-02-01,122550.61,158811.58,22059.11,7353.04,3497.34,3351.49,B,Operations,BU1,Saudi Arabia,Riyadh,KSA-Riyadh,3.36,1.42,5,0,1,1.0,Permanent,Female,Filipino,Expat
E00233,2026-02-01,156794.43,200248.45,28223.0,9407.67,2505.94,3317.42,C,Marketing,BU1,Saudi Arabia,Dammam,KSA-Dammam,2.22,2.01,4,0,1,1.0,Permanent,Male,Indian,Expat
E00234,2026-02-01,147957.14,186994.72,26632.28,5918.29,3802.8,2684.21,E,Marketing,BU2,India,Bengaluru,IND-Bengaluru,0.91,0.57,3,0,0,1.0,Permanent,Male,British,Expat
E00235,2026-02-01,114830.54,149055.09,20669.5,6889.83,1393.43,5271.79,B,IT,BU2,Saudi Arabia,Dammam,KSA-Dammam,4.98,4.18,2,0,0,1.0,Permanent,Male,Filipino,Expat
E00236,2026-02-01,42609.18,56240.06,7669.65,1704.37,883.89,3372.96,B,Operations,BU1,India,Delhi,IND-Delhi,3.36,2.83,3,0,0,1.0,Permanent,Male,Saudi,Expat
E00237,2026-02-01,469107.31,568874.84,46910.73,28146.44,6306.03,18404.34,F,IT,BU2,Saudi Arabia,Dammam,KSA-Dammam,3.65,2.38,3,0,1,1.0,Permanent,Male,Indian,Local
E00238,2026-02-01,325343.66,393238.43,32534.37,19520.62,5446.16,10393.63,E,HR,BU2,UAE,Abu Dhabi,UAE-Abu Dhabi,3.48,3.46,3,0,0,1.0,Permanent,Male,Egyptian,Local
E00239,2026-02-01,29748.24,37045.79,2974.82,1189.93,761.21,2371.59,A,IT,BU2,India,Delhi,IND-Delhi,3.47,0.49,3,0,0,1.0,Contract,Male,Pakistani,Local
E00240,2026-02-01,216920.62,273359.98,39045.71,8676.82,5914.95,2801.88,F,Sales,BU3,India,Bengaluru,IND-Bengaluru,7.07,3.42,3,0,0,1.0,Permanent,Male,Saudi,Expat
E00241,2026-02-01,120161.96,153194.74,21629.15,7209.72,1681.72,2512.18,B,IT,BU3,Saudi Arabia,Riyadh,KSA-Riyadh,0.56,0.45,4,0,0,1.0,Permanent,Male,Indian,Expat
E00242,2026-02-01,78226.51,98099.97,14080.77,3129.06,1076.5,1587.14,C,Finance,BU2,India,Bengaluru,IND-Bengaluru,14.45,0.49,1,0,0,1.0,Permanent,Female,Filipino,Expat
E00243,2026-02-01,102799.38,126822.91,10279.94,6167.96,2740.02,4835.61,B,HR,BU1,Saudi Arabia,Jeddah,KSA-Jeddah,8.31,2.15,2,0,0,1.0,Contract,Female,Filipino,Local
E00244,2026-02-01,107450.57,133591.5,10745.06,6447.03,2871.31,6077.54,B,HR,BU2,UAE,Abu Dhabi,UAE-Abu Dhabi,1.27,0.39,3,0,0,1.0,Permanent,Male,Saudi,Local
E00245,2026-02-01,76512.51,91001.85,7651.25,3060.5,2314.26,1463.33,D,Operations,BU2,India,Bengaluru,IND-Bengaluru,1.08,0.24,2,0,0,0.8,Permanent,Male,British,Local
E00246,2026-02-01,279808.97,368755.8,50365.61,16788.54,8920.11,12872.57,D,Sales,BU3,UAE,Sharjah,UAE-Sharjah,7.27,7.02,3,0,0,1.0,Permanent,Male,Emirati,Expat
E00247,2026-02-01,111505.36,136807.28,11150.54,6690.32,1593.95,5867.11,B,IT,BU2,Saudi Arabia,Jeddah,KSA-Jeddah,1.63,1.35,4,0,1,0.8,Permanent,Male,Indian,Local
E00248,2026-02-01,66545.4,86852.5,11978.17,3992.72,772.8,3563.41,A,Marketing,BU3,Saudi Arabia,Dammam,KSA-Dammam,1.76,1.6,2,0,0,1.0,Contract,Female,Egyptian,Expat
E00249,2026-02-01,94778.61,120417.82,17060.15,3791.14,2874.8,1913.12,C,IT,BU3,India,Mumbai,IND-Mumbai,6.17,5.84,3,0,0,1.0,Permanent,Male,Filipino,Expat
E00250,2026-02-01,378199.17,512095.43,68075.85,22691.95,14915.13,28213.32,E,Finance,BU3,Saudi Arabia,Dammam,KSA-Dammam,6.13,3.54,3,0,0,1.0,Permanent,Male,Indian,Expat
E00251,2026-02-01,152556.39,203331.49,27460.15,9153.38,2664.21,11497.36,D,Operations,BU1,Saudi Arabia,Jeddah,KSA-Jeddah,3.05,2.93,3,0,0,0.8,Permanent,Male,Emirati,Expat
E00252,2026-02-01,206175.33,267991.47,37111.56,12370.52,4515.79,7818.27,D,Marketing,BU1,Saudi Arabia,Riyadh,KSA-Riyadh,5.83,0.19,2,0,0,1.0,Permanent,Male,Saudi,Expat
E00253,2026-02-01,67085.43,80243.42,6708.54,2683.42,2372.79,1393.25,C,Operations,BU1,India,Delhi,IND-Delhi,3.01,2.8,3,1,0,1.0,Permanent,Female,Saudi,Local
E00254,2026-02-01,119093.02,144646.29,11909.3,7145.58,1616.59,4881.79,B,Operations,BU2,Saudi Arabia,Jeddah,KSA-Jeddah,7.05,0.48,4,0,0,1.0,Permanent,Male,Filipino,Local
E00255,2026-02-01,121422.73,159571.62,21856.09,4856.91,3067.97,8367.93,D,HR,BU1,India,Mumbai,IND-Mumbai,5.63,4.52,3,0,1,1.0,Permanent,Male,Emirati,Expat
E00256,2026-02-01,88143.09,108953.66,8814.31,3525.72,1743.16,6727.38,D,Sales,BU3,India,Mumbai,IND-Mumbai,2.0,1.73,3,0,1,0.8,Permanent,Female,Filipino,Local
E00257,2026-02-01,138566.42,177690.06,24941.96,5542.66,4877.53,3761.5,E,Marketing,BU1,India,Bengaluru,IND-Bengaluru,3.63,1.32,3,0,0,1.0,Permanent,Male,Indian,Expat
E00258,2026-02-01,73009.29,95158.83,13141.67,2920.37,1099.83,4987.66,C,Finance,BU3,India,Mumbai,IND-Mumbai,9.89,6.57,3,1,0,0.8,Permanent,Female,Saudi,Expat
E00259,2026-02-01,128859.37,154576.72,12885.94,5154.37,2488.18,5188.86,E,IT,BU1,India,Delhi,IND-Delhi,2.38,1.29,2,0,0,1.0,Permanent,Female,Pakistani,Local
E00260,2026-02-01,122967.93,158595.35,22134.23,7378.08,4726.07,1389.04,D,Operations,BU2,Saudi Arabia,Riyadh,KSA-Riyadh,4.84,1.71,1,0,0,0.6,Permanent,Male,British,Expat
E00261,2026-02-01,171978.42,211578.64,17197.84,10318.71,3338.29,8745.38,D,Marketing,BU1,Saudi Arabia,Dammam,KSA-Dammam,1.12,0.7,4,0,0,0.8,Contract,Male,Saudi,Local
E00262,2026-02-01,164045.33,213577.26,29528.16,9842.72,3959.93,6201.12,D,Operations,BU2,Saudi Arabia,Jeddah,KSA-Jeddah,2.15,1.13,4,0,0,0.8,Permanent,Male,Emirati,Expat
E00263,2026-02-01,142247.8,185953.36,25604.6,8534.87,5045.2,4520.88,C,Sales,BU2,Saudi Arabia,Riyadh,KSA-Riyadh,5.19,2.83,3,0,0,1.0,Permanent,Male,Egyptian,Expat
E00264,2026-02-01,154515.44,183239.79,15451.54,6180.62,5671.81,1420.38,F,Operations,BU2,India,Mumbai,IND-Mumbai,4.03,2.94,3,1,0,1.0,Permanent,Female,British,Local
E00265,2026-02-01,242846.86,320995.3,43712.44,14570.81,9110.79,10754.4,D,IT,BU1,Saudi Arabia,Dammam,KSA-Dammam,4.57,1.2,3,0,0,1.0,Permanent,Male,Indian,Expat
E00266,2026-02-01,83118.87,100261.36,8311.89,3324.75,2511.24,2994.61,C,IT,BU1,India,Delhi,IND-Delhi,4.68,3.95,3,0,0,1.0,Permanent,Female,Filipino,Local
E00267,2026-02-01,127099.59,157469.1,12709.96,7625.98,4694.89,5338.68,B,Finance,BU2,UAE,Abu Dhabi,UAE-Abu Dhabi,2.07,1.48,5,0,0,1.0,Permanent,Male,Saudi,Local
E00268,2026-02-01,238216.41,298775.87,23821.64,14292.98,4593.38,17851.45,D,Operations,BU2,Saudi Arabia,Dammam,KSA-Dammam,3.3,2.82,3,0,0,1.0,Permanent,Male,Filipino,Local
E00269,2026-02-01,100956.26,124326.96,10095.63,6057.38,1510.81,5706.89,B,Sales,BU3,UAE,Dubai,UAE-Dubai,3.59,0.65,3,0,0,0.8,Permanent,Male,Indian,Local
E00270,2026-02-01,42778.79,50542.57,4277.88,1711.15,1359.62,415.14,C,HR,BU1,India,Bengaluru,IND-Bengaluru,4.27,1.11,2,0,0,0.6,Permanent,Male,Egyptian,Local
E00271,2026-02-01,31941.49,38013.43,3194.15,1277.66,557.84,1042.29,A,HR,BU1,India,Bengaluru,IND-Bengaluru,1.61,0.78,1,0,0,1.0,Permanent,Male,Egyptian,Local
E00272,2026-02-01,103483.7,129112.15,10348.37,6209.02,2015.85,7055.21,B,Sales,BU1,Saudi Arabia,Jeddah,KSA-Jeddah,0.75,0.63,4,1,1,1.0,Permanent,Female,Egyptian,Local
E00273,2026-02-01,403885.85,502393.1,40388.59,24233.15,7132.87,26752.64,E,IT,BU2,UAE,Dubai,UAE-Dubai,5.49,4.64,2,0,0,1.0,Permanent,Male,Filipino,Local
E00274,2026-02-01,89181.85,108241.91,8918.18,5350.91,2419.25,2371.71,B,HR,BU1,Saudi Arabia,Riyadh,KSA-Riyadh,2.16,0.97,3,0,0,1.0,Permanent,Male,British,Local
E00275,2026-02-01,61743.95,76161.94,6174.39,2469.76,1206.55,4567.28,B,Sales,BU1,India,Mumbai,IND-Mumbai,1.78,1.35,3,1,0,1.0,Permanent,Male,Egyptian,Local
E00276,2026-02-01,226175.13,271827.17,22617.51,13570.51,2333.34,7130.67,D,HR,BU2,Saudi Arabia,Dammam,KSA-Dammam,3.99,3.43,3,0,0,1.0,Permanent,Male,Indian,Local
E00277,2026-02-01,206495.14,263023.72,37169.13,12389.71,3929.39,3040.35,D,Sales,BU1,Saudi Arabia,Jeddah,KSA-Jeddah,1.37,1.04,3,0,0,1.0,Permanent,Male,Pakistani,Expat
E00278,2026-02-01,108503.42,134570.21,19530.62,4340.14,2119.85,76.19,D,Operations,BU1,India,Bengaluru,IND-Bengaluru,2.99,2.51,4,0,0,1.0,Permanent,Male,Indian,Expat
E00279,2026-02-01,36328.4,47082.69,6539.11,1453.14,725.3,2036.74,A,Sales,BU1,India,Mumbai,IND-Mumbai,3.78,3.55,3,0,0,1.0,Contract,Male,Emirati,Expat
E00280,2026-02-01,71692.79,92909.0,12904.7,4301.57,2755.2,1254.75,A,Marketing,BU3,Saudi Arabia,Dammam,KSA-Dammam,7.54,6.56,2,0,0,1.0,Contract,Male,Filipino,Expat
E00281,2026-02-01,61069.54,78314.16,10992.52,2442.78,888.7,2920.63,C,Operations,BU2,India,Mumbai,IND-Mumbai,1.15,0.67,4,0,0,1.0,Permanent,Female,Emirati,Expat
E00282,2026-02-01,132413.4,164652.58,13241.34,7944.8,3453.96,7599.08,C,Sales,BU3,Saudi Arabia,Jeddah,KSA-Jeddah,3.74,1.74,3,0,0,1.0,Permanent,Female,British,Local
E00283,2026-02-01,188684.67,235739.97,18868.47,11321.08,2195.97,14669.78,C,Sales,BU3,UAE,Abu Dhabi,UAE-Abu Dhabi,6.6,5.45,3,0,0,1.0,Permanent,Female,Pakistani,Local
E00284,2026-02-01,276469.06,331456.0,27646.91,16588.14,6789.23,3962.66,E,Marketing,BU1,Saudi Arabia,Riyadh,KSA-Riyadh,2.23,0.77,5,0,0,1.0,Permanent,Male,Indian,Local
E00285,2026-02-01,183036.61,238335.36,32946.59,10982.2,2445.01,8924.95,C,IT,BU1,Saudi Arabia,Jeddah,KSA-Jeddah,5.4,1.57,3,0,0,1.0,Permanent,Male,Egyptian,Expat
E00286,2026-02-01,39513.82,49078.24,3951.38,1580.55,875.19,3157.29,C,HR,BU3,India,Bengaluru,IND-Bengaluru,5.04,0.72,3,1,0,0.6,Contract,Female,Pakistani,Local
E00287,2026-02-01,186279.6,250316.5,33530.33,11176.78,5356.75,13973.05,C,Finance,BU3,Saudi Arabia,Jeddah,KSA-Jeddah,1.4,0.55,3,0,0,1.0,Contract,Male,Egyptian,Expat
E00288,2026-02-01,209490.13,265547.4,20949.01,12569.41,8237.93,14300.92,F,Sales,BU1,Saudi Arabia,Dammam,KSA-Dammam,2.03,1.09,3,0,0,0.6,Permanent,Male,Indian,Local
E00289,2026-02-01,235337.2,310630.88,42360.7,14120.23,7959.21,10853.54,D,Marketing,BU1,UAE,Dubai,UAE-Dubai,2.54,0.88,3,0,0,1.0,Permanent,Female,Filipino,Expat
E00290,2026-02-01,115727.34,145535.17,11572.73,6943.64,2719.97,8571.48,B,Operations,BU1,Saudi Arabia,Dammam,KSA-Dammam,8.95,5.66,3,0,0,1.0,Permanent,Male,Pakistani,Local
E00291,2026-02-01,77029.03,93753.73,7702.9,3081.16,1402.25,4538.39,C,Finance,BU3,India,Delhi,IND-Delhi,4.88,2.16,3,1,1,0.8,Permanent,Male,Filipino,Local
E00292,2026-02-01,154692.65,204204.42,27844.68,9281.56,4869.65,7515.89,B,Finance,BU3,UAE,Dubai,UAE-Dubai,4.08,2.35,5,1,0,1.0,Contract,Female,Pakistani,Expat
E00293,2026-02-01,150542.05,192230.38,27097.57,9032.52,2499.4,3058.83,C,Operations,BU2,Saudi Arabia,Riyadh,KSA-Riyadh,1.21,0.82,2,0,0,1.0,Permanent,Female,Emirati,Expat
E00294,2026-02-01,63206.01,77015.13,6320.6,3792.36,1137.95,2558.2,B,Marketing,BU3,Saudi Arabia,Riyadh,KSA-Riyadh,1.72,1.37,3,0,0,0.6,Permanent,Male,Egyptian,Local
E00295,2026-02-01,80455.42,97792.12,8045.54,4827.33,1909.92,2553.91,A,Marketing,BU1,Saudi Arabia,Jeddah,KSA-Jeddah,2.27,1.97,3,0,0,1.0,Permanent,Male,Saudi,Local
E00296,2026-02-01,210651.27,252851.65,21065.13,12639.08,4146.52,4349.66,C,Operations,BU2,UAE,Sharjah,UAE-Sharjah,14.84,3.94,3,0,0,1.0,Permanent,Male,Pakistani,Local
E00297,2026-02-01,170797.12,212378.35,17079.71,10247.83,2998.21,11255.48,C,Marketing,BU1,Saudi Arabia,Riyadh,KSA-Riyadh,0.93,0.46,4,1,0,1.0,Permanent,Female,Filipino,Local
E00298,2026-02-01,128943.03,170840.48,23209.75,7736.58,4493.09,6458.03,C,HR,BU3,Saudi Arabia,Riyadh,KSA-Riyadh,1.98,0.93,2,1,0,0.8,Permanent,Male,Filipino,Expat
E00299,2026-02-01,136282.52,169249.85,13628.25,8176.95,4589.03,6573.1,C,Operations,BU3,Saudi Arabia,Dammam,KSA-Dammam,4.36,3.74,2,0,0,1.0,Permanent,Female,Emirati,Local
E00300,2026-02-01,135767.86,171092.21,24438.22,5430.71,1520.39,3935.03,E,Operations,BU3,India,Mumbai,IND-Mumbai,0.18,0.12,5,0,0,1.0,Permanent,Male,British,Expat
